cocktail_id,name_kr,name_en,category,is_non_alcoholic,sweet_level,sour_level,bitter_level,body_level,freshness_level,creamy_level,spicy_level,nutty_level,mood_tag,description,embedding,is_active,created_at
1,그랑 마가리타,Grand Margarita,시트러스 사워,FALSE,2.4,2.9,0,1.8,2.9,0,0,0,social|cool|casual,"그랑 마가리타는 오렌지 리큐르의 향과 라임의 산미가 전면에 서는 타입으로, 재료의 개성이 비교적 또렷하다. 입에 닿으면 라임의 산미가 먼저 열리고, 오렌지 리큐르가 가운데를 둥글게 묶어주고 마무리는 무겁지 않게 떨어진다. 전체 인상이 비교적 직관적이라 처음 마시는 사람도 접근하기 쉬운 편이다. 식전 한 잔이나 캐주얼한 모임에서 무난하게 꺼내기 좋은 스타일이다. 사워 계열답게 산미가 중심을 잡지만, 사용된 리큐르나 감미료에 따라 무게감이 달라진다.",,,
2,마가리타,Margarita,시트러스 사워,FALSE,2.2,2.9,0,1.8,2.9,0,0,0,social|cool|casual,"마가리타는 오렌지 리큐르의 향과 라임의 산미가 전면에 서는 타입으로, 재료의 개성이 비교적 또렷하다. 입에 닿으면 라임의 산미가 먼저 열리고, 오렌지 리큐르가 가운데를 둥글게 묶어주고 마무리는 무겁지 않게 떨어진다. 전체 인상이 비교적 직관적이라 처음 마시는 사람도 접근하기 쉬운 편이다. 식전 한 잔이나 캐주얼한 모임에서 무난하게 꺼내기 좋은 스타일이다. 사워 계열답게 산미가 중심을 잡지만, 사용된 리큐르나 감미료에 따라 무게감이 달라진다.",,,
3,토미스 마가리타,Tommys Margarita,시트러스 사워,FALSE,3,3.1,0,1.7,3.1,0,0,0,social|cool|casual,"토미스 마가리타는 라임의 산미가 중심을 잡는 스타일로 읽힌다. 입에 닿으면 라임의 산미가 먼저 열리고, 중간에서는 테킬라가 뼈대를 잡아주고 마무리는 무겁지 않게 떨어진다. 전체 인상이 비교적 직관적이라 처음 마시는 사람도 접근하기 쉬운 편이다. 식전 한 잔이나 캐주얼한 모임에서 무난하게 꺼내기 좋은 스타일이다. 사워 계열답게 산미가 중심을 잡지만, 사용된 리큐르나 감미료에 따라 무게감이 달라진다.",,,
4,네이키드 앤 페이머스,Naked And Famous,비터/허벌,FALSE,1.8,3,2.5,2,3,0,0,0,relaxing|dark|modern,"네이키드 앤 페이머스는 비터한 쌉쌀함과 허브 향이 전면에 서는 타입으로, 재료의 개성이 비교적 또렷하다. 입에 닿으면 라임의 산미가 먼저 열리고, 중간에서는 비터한 결이 구조를 세워주고 끝에는 쌉쌀한 여운이 분명하게 남는다. 입문자도 시도할 수 있지만 산미·쓴맛·향신료 중 어느 한 축에서 취향이 갈릴 가능성이 있다. 시끄러운 자리보다는 조도를 낮춘 바에서 천천히 마실수록 매력이 살아난다. 아페리티보 계열처럼 단맛보다 허브·비터의 성격이 기억에 남는 스타일이다.",,,
5,데킬라 선라이즈,Tequila Sunrise,과일계,FALSE,3.5,2,0,1.4,3,0,0,0,cozy|bright|casual,"데킬라 선라이즈는 오렌지 리큐르의 향과 그레나딘의 붉은 과일 느낌이 먼저 기억에 남는 과일계 칵테일이다. 입에 닿으면 테킬라 향이 먼저 열리고, 오렌지 리큐르가 가운데를 둥글게 묶어주고 마무리는 무겁지 않게 떨어진다. 전체 인상이 비교적 직관적이라 처음 마시는 사람도 접근하기 쉬운 편이다. 식전 한 잔이나 캐주얼한 모임에서 무난하게 꺼내기 좋은 스타일이다. 과일 중심 칵테일처럼 향이 직관적이고 접근성이 좋지만, 단맛의 질에 따라 표정이 달라진다.",,,
6,롱 아일랜드 아이스 티,Long Island Iced Tea,리프레싱 하이볼,FALSE,3.5,2.5,0,1.5,3.5,0,0.7,0,cozy|bright|casual,"롱 아일랜드 아이스 티는 레몬의 산미와 오렌지 리큐르의 향을 앞세워 캐릭터를 만드는 스타일이다. 입에 닿으면 레몬의 산미가 먼저 열리고, 오렌지 리큐르가 가운데를 둥글게 묶어주고 마무리는 비교적 짧고 시원하게 정리된다. 전체 인상이 비교적 직관적이라 처음 마시는 사람도 접근하기 쉬운 편이다. 식전 한 잔이나 캐주얼한 모임에서 무난하게 꺼내기 좋은 스타일이다. 하이볼 계열처럼 길게 마셔도 피로감이 적고, 청량감이 전체 인상을 주도한다.",,,
7,팔로마,Paloma,리프레싱 하이볼,FALSE,1.1,3.3,1.1,0.6,4.4,0,0,0,lively|bright|spacious,"팔로마는 탄산의 가벼움과 자몽 특유의 상큼하고 살짝 쌉쌀한 결을 앞세워 캐릭터를 만드는 스타일이다. 입에 닿으면 라임의 산미가 먼저 열리고, 중간에서는 테킬라가 뼈대를 잡아주고 마무리는 비교적 짧고 시원하게 정리된다. 전체 인상이 비교적 직관적이라 처음 마시는 사람도 접근하기 쉬운 편이다. 더운 날 첫 잔으로 분위기를 가볍게 열거나, 오래 대화하는 자리에서 특히 잘 맞는다. 하이볼 계열처럼 길게 마셔도 피로감이 적고, 청량감이 전체 인상을 주도한다.",,,
8,일레갈,Illegal,티키/트로피컬,FALSE,3.1,2.9,0,1.9,2.9,1,0.6,0.6,social|cool|casual,"일레갈은 스모키한 결과 라임의 산미를 함께 앞세우는 타입으로, 재료의 개성이 비교적 또렷하다. 입에 닿으면 라임의 산미가 먼저 열리고, 중간부터 질감이 한층 부드러워지고 피니시는 둥글고 부드럽게 남는다. 전체 인상이 비교적 직관적이라 처음 마시는 사람도 접근하기 쉬운 편이다. 식전 한 잔이나 캐주얼한 모임에서 무난하게 꺼내기 좋은 스타일이다. 티키 계열처럼 과일 향은 화려하지만, 뒤에서는 럼이나 향신료가 레이어를 만든다.",,,
9,IBA Tiki,Iba Tiki,티키/트로피컬,FALSE,2.6,2.9,0,1.8,2.5,0,0,2.6,social|warm|spacious,"IBA Tiki는 패션프루트 향과 스모키한 결을 앞세워 캐릭터를 만드는 스타일이다. 입에 닿으면 라임의 산미가 먼저 열리고, 중간에서는 너티한 뉘앙스가 볼륨을 만들어주고 마지막에는 스모키한 잔향이 붙는다. 전체 인상이 비교적 직관적이라 처음 마시는 사람도 접근하기 쉬운 편이다. 휴가 같은 무드를 만들고 싶거나, 음악이 있는 느슨한 모임에서 존재감이 좋다. 티키 계열처럼 과일 향은 화려하지만, 뒤에서는 럼이나 향신료가 레이어를 만든다.",,,
10,마이타이,Mai Tai,티키/트로피컬,FALSE,3.1,2.9,0,1.8,2.9,0,0,2.5,social|cool|casual,"마이타이는 라임의 산미와 오렌지 리큐르의 향을 앞세워 캐릭터를 만드는 스타일이다. 입에 닿으면 라임의 산미가 먼저 열리고, 오렌지 리큐르가 가운데를 둥글게 묶어주고 끝으로 갈수록 고소한 여운이 남는다. 전체 인상이 비교적 직관적이라 처음 마시는 사람도 접근하기 쉬운 편이다. 식전 한 잔이나 캐주얼한 모임에서 무난하게 꺼내기 좋은 스타일이다. 티키 계열처럼 과일 향은 화려하지만, 뒤에서는 럼이나 향신료가 레이어를 만든다.",,,
11,메리 픽포드,Mary Pickford,티키/트로피컬,FALSE,3.7,0.9,0,1.5,1.8,0,0,0,social|warm|spacious,"메리 픽포드는 파인애플의 과일감와 체리 계열 단향이 전면에 서는 타입으로, 재료의 개성이 비교적 또렷하다. 입에 닿으면 파인애플의 단향가 먼저 열리고, 중간에서는 럼가 뼈대를 잡아주고 마무리는 무겁지 않게 떨어진다. 전체 인상이 비교적 직관적이라 처음 마시는 사람도 접근하기 쉬운 편이다. 휴가 같은 무드를 만들고 싶거나, 음악이 있는 느슨한 모임에서 존재감이 좋다. 티키 계열처럼 과일 향은 화려하지만, 뒤에서는 럼이나 향신료가 레이어를 만든다.",,,
12,모히토,Mojito,리프레싱 하이볼,FALSE,2.4,2.7,0,1.3,4,0,0,0,lively|bright|spacious,"모히토는 민트의 냉감와 라임의 산미가 전면에 서는 타입으로, 재료의 개성이 비교적 또렷하다. 입에 닿으면 라임의 산미가 먼저 열리고, 중간에서는 럼가 뼈대를 잡아주고 마무리는 비교적 짧고 시원하게 정리된다. 전체 인상이 비교적 직관적이라 처음 마시는 사람도 접근하기 쉬운 편이다. 더운 날 첫 잔으로 분위기를 가볍게 열거나, 오래 대화하는 자리에서 특히 잘 맞는다. 하이볼 계열처럼 길게 마셔도 피로감이 적고, 청량감이 전체 인상을 주도한다.",,,
13,미셔너리즈 다운폴,Missionarys Downfall,티키/트로피컬,FALSE,3.3,2.7,0,1.8,3.2,0,0,0,social|cool|casual,"미셔너리즈 다운폴은 민트의 냉감와 꿀의 둥근 단맛이 전면에 서는 타입으로, 재료의 개성이 비교적 또렷하다. 입에 닿으면 라임의 산미가 먼저 열리고, 중간에서는 럼가 뼈대를 잡아주고 마무리는 무겁지 않게 떨어진다. 전체 인상이 비교적 직관적이라 처음 마시는 사람도 접근하기 쉬운 편이다. 식전 한 잔이나 캐주얼한 모임에서 무난하게 꺼내기 좋은 스타일이다. 티키 계열처럼 과일 향은 화려하지만, 뒤에서는 럼이나 향신료가 레이어를 만든다.",,,
14,정글 버드,Jungle Bird,티키/트로피컬,FALSE,3.4,2.7,2.6,2.3,3,0,0,0,relaxing|dark|modern,"정글 버드는 파인애플의 과일감와 비터한 쌉쌀함이 먼저 기억에 남는 티키/트로피컬 칵테일이다. 입에 닿으면 라임의 산미가 먼저 열리고, 중간에서는 비터한 결이 구조를 세워주고 끝에는 쌉쌀한 여운이 분명하게 남는다. 전체 인상이 비교적 직관적이라 처음 마시는 사람도 접근하기 쉬운 편이다. 시끄러운 자리보다는 조도를 낮춘 바에서 천천히 마실수록 매력이 살아난다. 티키 계열처럼 과일 향은 화려하지만, 뒤에서는 럼이나 향신료가 레이어를 만든다.",,,
15,좀비,Zombie,티키/트로피컬,FALSE,2.5,2.6,2.1,1.9,2.6,0,0.6,0.6,social|cool|casual,"좀비는 라임의 산미와 향신료의 따뜻한 느낌을 앞세워 캐릭터를 만드는 스타일이다. 입에 닿으면 라임의 산미가 먼저 열리고, 중간에서는 비터한 결이 구조를 세워주고 마무리는 무겁지 않게 떨어진다. 전체 인상이 비교적 직관적이라 처음 마시는 사람도 접근하기 쉬운 편이다. 식전 한 잔이나 캐주얼한 모임에서 무난하게 꺼내기 좋은 스타일이다. 티키 계열처럼 과일 향은 화려하지만, 뒤에서는 럼이나 향신료가 레이어를 만든다.",,,
16,비트윈 더 시트,Between The Sheets,시트러스 사워,FALSE,2.3,2.9,0,1.9,2.9,0,0,0,social|cool|casual,"비트윈 더 시트는 오렌지 리큐르의 향과 레몬의 산미을 앞세워 캐릭터를 만드는 스타일이다. 입에 닿으면 레몬의 산미가 먼저 열리고, 오렌지 리큐르가 가운데를 둥글게 묶어주고 마무리는 무겁지 않게 떨어진다. 전체 인상이 비교적 직관적이라 처음 마시는 사람도 접근하기 쉬운 편이다. 식전 한 잔이나 캐주얼한 모임에서 무난하게 꺼내기 좋은 스타일이다. 사워 계열답게 산미가 중심을 잡지만, 사용된 리큐르나 감미료에 따라 무게감이 달라진다.",,,
17,칸찬차라,Canchanchara,시트러스 사워,FALSE,2.6,2.7,0,1.5,2.9,0,0,0,social|cool|casual,"칸찬차라는 라임의 산미와 꿀의 둥근 단맛이 전면에 서는 타입으로, 재료의 개성이 비교적 또렷하다. 입에 닿으면 라임의 산미가 먼저 열리고, 중간에서는 럼가 뼈대를 잡아주고 마무리는 무겁지 않게 떨어진다. 전체 인상이 비교적 직관적이라 처음 마시는 사람도 접근하기 쉬운 편이다. 식전 한 잔이나 캐주얼한 모임에서 무난하게 꺼내기 좋은 스타일이다. 사워 계열답게 산미가 중심을 잡지만, 사용된 리큐르나 감미료에 따라 무게감이 달라진다.",,,
18,쿠바 리브레,Cuba Libre,리프레싱 하이볼,FALSE,3,2.4,0,0.7,4.4,0,1,0,lively|bright|spacious,"쿠바 리브레는 라임의 산미가 비교적 선명한 인상을 남기는 칵테일이다. 입에 닿으면 라임의 산미가 먼저 열리고, 중간에서는 럼가 뼈대를 잡아주고 마무리는 비교적 짧고 시원하게 정리된다. 전체 인상이 비교적 직관적이라 처음 마시는 사람도 접근하기 쉬운 편이다. 더운 날 첫 잔으로 분위기를 가볍게 열거나, 오래 대화하는 자리에서 특히 잘 맞는다. 하이볼 계열처럼 길게 마셔도 피로감이 적고, 청량감이 전체 인상을 주도한다.",,,
19,다이키리,Daiquiri,시트러스 사워,FALSE,2.6,3.1,0,1.6,3.1,0,0,0,social|cool|casual,"다이키리는 라임의 산미가 비교적 선명한 인상을 남기는 칵테일이다. 입에 닿으면 라임의 산미가 먼저 열리고, 중간에서는 럼가 뼈대를 잡아주고 마무리는 무겁지 않게 떨어진다. 전체 인상이 비교적 직관적이라 처음 마시는 사람도 접근하기 쉬운 편이다. 식전 한 잔이나 캐주얼한 모임에서 무난하게 꺼내기 좋은 스타일이다. 사워 계열답게 산미가 중심을 잡지만, 사용된 리큐르나 감미료에 따라 무게감이 달라진다.",,,
20,돈스 스페셜 다이키리,Dons Special Daiquiri,티키/트로피컬,FALSE,3.2,3.1,0,1.9,2.7,0,0,0,social|cool|casual,"돈스 스페셜 다이키리는 패션프루트 향과 라임의 산미가 전면에 서는 타입으로, 재료의 개성이 비교적 또렷하다. 입에 닿으면 라임의 산미가 먼저 열리고, 중간에서는 럼가 뼈대를 잡아주고 마무리는 무겁지 않게 떨어진다. 전체 인상이 비교적 직관적이라 처음 마시는 사람도 접근하기 쉬운 편이다. 식전 한 잔이나 캐주얼한 모임에서 무난하게 꺼내기 좋은 스타일이다. 티키 계열처럼 과일 향은 화려하지만, 뒤에서는 럼이나 향신료가 레이어를 만든다.",,,
21,다크 앤 스토미,Dark N Stormy,리프레싱 하이볼,FALSE,2,0,0,0.7,4.1,0,2,0,social|bright|spacious,"다크 앤 스토미는 향신료의 따뜻한 느낌와 탄산의 가벼움을 앞세워 캐릭터를 만드는 스타일이다. 입에 닿으면 탄산의 가벼움가 먼저 열리고, 중간에서는 향신료가 온도를 올려주고 마무리는 비교적 짧고 시원하게 정리된다. 전체 인상이 비교적 직관적이라 처음 마시는 사람도 접근하기 쉬운 편이다. 더운 날 첫 잔으로 분위기를 가볍게 열거나, 오래 대화하는 자리에서 특히 잘 맞는다. 하이볼 계열처럼 길게 마셔도 피로감이 적고, 청량감이 전체 인상을 주도한다.",,,
22,올드 쿠반,Old Cuban,스파클링,FALSE,2.7,2.8,2.1,1.6,3.7,0,0.5,0,lively|bright|spacious,"올드 쿠반은 탄산의 가벼움과 민트의 냉감을 앞세워 캐릭터를 만드는 스타일이다. 입에 닿으면 라임의 산미가 먼저 열리고, 중간에서는 비터한 결이 구조를 세워주고 마무리는 비교적 짧고 시원하게 정리된다. 전체 인상이 비교적 직관적이라 처음 마시는 사람도 접근하기 쉬운 편이다. 더운 날 첫 잔으로 분위기를 가볍게 열거나, 오래 대화하는 자리에서 특히 잘 맞는다. 스파클링 계열처럼 첫인상은 가볍고 빠르게 열리지만, 베이스에 따라 캐릭터 차이가 난다.",,,
23,쓰리 닷츠 앳 어 대시,Three Dots And A Dash,티키/트로피컬,FALSE,3.1,1.3,2.2,2,1.9,0,2.1,0.6,social|modern|casual,"쓰리 닷츠 앳 어 대시는 향신료의 따뜻한 느낌와 오렌지 리큐르의 향이 먼저 기억에 남는 티키/트로피컬 칵테일이다. 입에 닿으면 라임의 산미가 먼저 열리고, 오렌지 리큐르가 가운데를 둥글게 묶어주고 마무리는 무겁지 않게 떨어진다. 입문자도 시도할 수 있지만 산미·쓴맛·향신료 중 어느 한 축에서 취향이 갈릴 가능성이 있다. 식전 한 잔이나 캐주얼한 모임에서 무난하게 꺼내기 좋은 스타일이다. 티키 계열처럼 과일 향은 화려하지만, 뒤에서는 럼이나 향신료가 레이어를 만든다.",,,
24,플랜터즈 펀치,Planters Punch,티키/트로피컬,FALSE,1.7,3.1,0,0.7,3.5,0,0,0,social|cool|casual,"플랜터즈 펀치는 라임의 산미가 비교적 선명한 인상을 남기는 칵테일이다. 입에 닿으면 라임의 산미가 먼저 열리고, 중간에서는 럼가 뼈대를 잡아주고 마무리는 비교적 짧고 시원하게 정리된다. 전체 인상이 비교적 직관적이라 처음 마시는 사람도 접근하기 쉬운 편이다. 식전 한 잔이나 캐주얼한 모임에서 무난하게 꺼내기 좋은 스타일이다. 티키 계열처럼 과일 향은 화려하지만, 뒤에서는 럼이나 향신료가 레이어를 만든다.",,,
25,피나 콜라다,Pina Colada,크리미,FALSE,3.3,0.9,0,2.3,1.7,2.9,0,0.7,cozy|warm|private,"피나 콜라다는 파인애플의 과일감와 크리미한 질감이 먼저 기억에 남는 크리미 칵테일이다. 입에 닿으면 파인애플의 단향가 먼저 열리고, 중간부터 질감이 한층 부드러워지고 피니시는 둥글고 부드럽게 남는다. 전체 인상이 비교적 직관적이라 처음 마시는 사람도 접근하기 쉬운 편이다. 휴가 같은 무드를 만들고 싶거나, 음악이 있는 느슨한 모임에서 존재감이 좋다. 크리미 계열답게 향보다도 텍스처와 달콤한 여운이 인상을 오래 끈다.",,,
26,헤밍웨이 스페셜,Hemingway Special,시트러스 사워,FALSE,2.1,3.5,0.8,1.4,3.5,0,0,0,social|cool|casual,"헤밍웨이 스페셜은 자몽 특유의 상큼하고 살짝 쌉쌀한 결과 체리 계열 단향이 전면에 서는 타입으로, 재료의 개성이 비교적 또렷하다. 입에 닿으면 라임의 산미가 먼저 열리고, 중간에서는 럼가 뼈대를 잡아주고 마무리는 비교적 짧고 시원하게 정리된다. 전체 인상이 비교적 직관적이라 처음 마시는 사람도 접근하기 쉬운 편이다. 식전 한 잔이나 캐주얼한 모임에서 무난하게 꺼내기 좋은 스타일이다. 사워 계열답게 산미가 중심을 잡지만, 사용된 리큐르나 감미료에 따라 무게감이 달라진다.",,,
27,러시안 스프링 펀치,Russian Spring Punch,스파클링,FALSE,2.7,3.1,0,1.4,3.9,0,0,0,social|bright|spacious,"러시안 스프링 펀치는 레몬의 산미와 탄산의 가벼움이 먼저 기억에 남는 스파클링 칵테일이다. 입에 닿으면 레몬의 산미가 먼저 열리고, 중간에서는 보드카가 뼈대를 잡아주고 마무리는 비교적 짧고 시원하게 정리된다. 전체 인상이 비교적 직관적이라 처음 마시는 사람도 접근하기 쉬운 편이다. 더운 날 첫 잔으로 분위기를 가볍게 열거나, 오래 대화하는 자리에서 특히 잘 맞는다. 스파클링 계열처럼 첫인상은 가볍고 빠르게 열리지만, 베이스에 따라 캐릭터 차이가 난다.",,,
28,레몬 드롭 마티니,Lemon Drop Martini,시트러스 사워,FALSE,2.3,3.1,0,1.5,3.1,0,0,0,social|cool|casual,"레몬 드롭 마티니는 오렌지 리큐르의 향과 레몬의 산미가 전면에 서는 타입으로, 재료의 개성이 비교적 또렷하다. 입에 닿으면 레몬의 산미가 먼저 열리고, 오렌지 리큐르가 가운데를 둥글게 묶어주고 마무리는 무겁지 않게 떨어진다. 전체 인상이 비교적 직관적이라 처음 마시는 사람도 접근하기 쉬운 편이다. 식전 한 잔이나 캐주얼한 모임에서 무난하게 꺼내기 좋은 스타일이다. 사워 계열답게 산미가 중심을 잡지만, 사용된 리큐르나 감미료에 따라 무게감이 달라진다.",,,
29,모스코 뮬,Moscow Mule,리프레싱 하이볼,FALSE,2,2.4,0,0,4.4,0,2,0,lively|bright|spacious,"모스코 뮬은 향신료의 따뜻한 느낌와 탄산의 가벼움이 먼저 기억에 남는 리프레싱 하이볼 칵테일이다. 입에 닿으면 라임의 산미가 먼저 열리고, 중간에서는 향신료가 온도를 올려주고 마무리는 비교적 짧고 시원하게 정리된다. 전체 인상이 비교적 직관적이라 처음 마시는 사람도 접근하기 쉬운 편이다. 더운 날 첫 잔으로 분위기를 가볍게 열거나, 오래 대화하는 자리에서 특히 잘 맞는다. 하이볼 계열처럼 길게 마셔도 피로감이 적고, 청량감이 전체 인상을 주도한다.",,,
30,블랙 러시안,Black Russian,커피/디저트,FALSE,2.5,0,0.8,1.7,0,0,0,0,cozy|warm|private,"블랙 러시안은 첫 향부터 에스프레소의 로스티한 향이 존재감을 만든다. 입에 닿으면 에스프레소의 로스티함가 먼저 열리고, 중간에서는 보드카가 뼈대를 잡아주고 마무리는 무겁지 않게 떨어진다. 전체 인상이 비교적 직관적이라 처음 마시는 사람도 접근하기 쉬운 편이다. 식후에 디저트 대신 한 잔 고르거나, 늦은 밤 텐션을 살리고 싶을 때 잘 어울린다. 디저트 칵테일에 가까워서 질감과 향의 만족감이 중요하게 작동한다.",,,
31,블러디 메리,Bloody Mary,시트러스 사워,FALSE,0.9,2.8,0.5,0.9,2.8,0,2.5,0,social|cool|casual,"블러디 메리는 향신료의 따뜻한 느낌와 레몬의 산미을 앞세워 캐릭터를 만드는 스타일이다. 입에 닿으면 레몬의 산미가 먼저 열리고, 중간에서는 향신료가 온도를 올려주고 마무리는 무겁지 않게 떨어진다. 전체 인상이 비교적 직관적이라 처음 마시는 사람도 접근하기 쉬운 편이다. 식전 한 잔이나 캐주얼한 모임에서 무난하게 꺼내기 좋은 스타일이다. 사워 계열답게 산미가 중심을 잡지만, 사용된 리큐르나 감미료에 따라 무게감이 달라진다.",,,
32,섹스 온 더 비치,Sex On The Beach,시트러스 사워,FALSE,2.6,2.8,0,1.2,3,0,0,0,social|cool|casual,"섹스 온 더 비치는 오렌지 리큐르의 향과 복숭아 향이 전면에 서는 타입으로, 재료의 개성이 비교적 또렷하다. 입에 닿으면 보드카 향이 먼저 열리고, 오렌지 리큐르가 가운데를 둥글게 묶어주고 마무리는 무겁지 않게 떨어진다. 전체 인상이 비교적 직관적이라 처음 마시는 사람도 접근하기 쉬운 편이다. 식전 한 잔이나 캐주얼한 모임에서 무난하게 꺼내기 좋은 스타일이다. 사워 계열답게 산미가 중심을 잡지만, 사용된 리큐르나 감미료에 따라 무게감이 달라진다.",,,
33,스파이시 피프티,Spicy Fifty,시트러스 사워,FALSE,3.5,2.8,0,1.9,2.8,0.7,2,0,cozy|bright|casual,"스파이시 피프티는 향신료의 따뜻한 느낌와 라임의 산미가 먼저 기억에 남는 시트러스 사워 칵테일이다. 입에 닿으면 라임의 산미가 먼저 열리고, 중간에서는 향신료가 온도를 올려주고 마무리는 무겁지 않게 떨어진다. 전체 인상이 비교적 직관적이라 처음 마시는 사람도 접근하기 쉬운 편이다. 식전 한 잔이나 캐주얼한 모임에서 무난하게 꺼내기 좋은 스타일이다. 사워 계열답게 산미가 중심을 잡지만, 사용된 리큐르나 감미료에 따라 무게감이 달라진다.",,,
34,시 브리즈,Sea Breeze,시트러스 사워,FALSE,1.2,3.5,0.7,0,3.5,0,0,0,social|cool|casual,"시 브리즈는 첫 향부터 자몽 특유의 상큼하고 살짝 쌉쌀한 결이 존재감을 만든다. 입에 닿으면 자몽의 상큼함가 먼저 열리고, 중간에서는 보드카가 뼈대를 잡아주고 마무리는 비교적 짧고 시원하게 정리된다. 전체 인상이 비교적 직관적이라 처음 마시는 사람도 접근하기 쉬운 편이다. 식전 한 잔이나 캐주얼한 모임에서 무난하게 꺼내기 좋은 스타일이다. 사워 계열답게 산미가 중심을 잡지만, 사용된 리큐르나 감미료에 따라 무게감이 달라진다.",,,
35,에스프레소 마티니,Espresso Martini,커피/디저트,FALSE,3.3,0,1.9,1.9,0,0,0,0.6,cozy|warm|private,"에스프레소 마티니는 에스프레소의 로스티한 향이 비교적 선명한 인상을 남기는 칵테일이다. 입에 닿으면 에스프레소의 로스티함가 먼저 열리고, 중간에서는 보드카가 뼈대를 잡아주고 마무리는 무겁지 않게 떨어진다. 전체 인상이 비교적 직관적이라 처음 마시는 사람도 접근하기 쉬운 편이다. 식후에 디저트 대신 한 잔 고르거나, 늦은 밤 텐션을 살리고 싶을 때 잘 어울린다. 디저트 칵테일에 가까워서 질감과 향의 만족감이 중요하게 작동한다.",,,
36,코스모폴리탄,Cosmopolitan,시트러스 사워,FALSE,2.2,3.5,0,1.3,3.7,0,0,0,social|cool|casual,"코스모폴리탄은 오렌지 리큐르의 향과 라임의 산미가 전면에 서는 타입으로, 재료의 개성이 비교적 또렷하다. 입에 닿으면 라임의 산미가 먼저 열리고, 오렌지 리큐르가 가운데를 둥글게 묶어주고 마무리는 비교적 짧고 시원하게 정리된다. 전체 인상이 비교적 직관적이라 처음 마시는 사람도 접근하기 쉬운 편이다. 식전 한 잔이나 캐주얼한 모임에서 무난하게 꺼내기 좋은 스타일이다. 사워 계열답게 산미가 중심을 잡지만, 사용된 리큐르나 감미료에 따라 무게감이 달라진다.",,,
37,포르노스타 마티니,Porn Star Martini,스파클링,FALSE,3.3,2,0,1.8,2.7,0.7,0,0,social|bright|spacious,"포르노스타 마티니는 패션프루트 향과 탄산의 가벼움이 전면에 서는 타입으로, 재료의 개성이 비교적 또렷하다. 입에 닿으면 탄산의 가벼움가 먼저 열리고, 중간에서는 보드카가 뼈대를 잡아주고 마무리는 비교적 짧고 시원하게 정리된다. 전체 인상이 비교적 직관적이라 처음 마시는 사람도 접근하기 쉬운 편이다. 더운 날 첫 잔으로 분위기를 가볍게 열거나, 오래 대화하는 자리에서 특히 잘 맞는다. 스파클링 계열처럼 첫인상은 가볍고 빠르게 열리지만, 베이스에 따라 캐릭터 차이가 난다.",,,
38,프렌치 마티니,French Martini,과일계,FALSE,2.9,0.8,0,1.4,1.5,0,0,0,social|modern|casual,"프렌치 마티니는 파인애플의 과일감이 비교적 선명한 인상을 남기는 칵테일이다. 입에 닿으면 파인애플의 단향가 먼저 열리고, 중간에서는 보드카가 뼈대를 잡아주고 마무리는 무겁지 않게 떨어진다. 전체 인상이 비교적 직관적이라 처음 마시는 사람도 접근하기 쉬운 편이다. 식전 한 잔이나 캐주얼한 모임에서 무난하게 꺼내기 좋은 스타일이다. 과일 중심 칵테일처럼 향이 직관적이고 접근성이 좋지만, 단맛의 질에 따라 표정이 달라진다.",,,
39,네그로니,Negroni,비터/허벌,FALSE,1.9,0,3.2,2,0,0,0,0,relaxing|dark|modern,"네그로니는 비터한 쌉쌀함과 허브 향이 먼저 기억에 남는 비터/허벌 칵테일이다. 입에 닿으면 진 향이 먼저 열리고, 중간에서는 비터한 결이 구조를 세워주고 끝에는 쌉쌀한 여운이 분명하게 남는다. 입문자도 시도할 수 있지만 산미·쓴맛·향신료 중 어느 한 축에서 취향이 갈릴 가능성이 있다. 시끄러운 자리보다는 조도를 낮춘 바에서 천천히 마실수록 매력이 살아난다. 아페리티보 계열처럼 단맛보다 허브·비터의 성격이 기억에 남는 스타일이다.",,,
40,라모스 피즈,Ramos Fizz,크리미,FALSE,2.5,2.5,0,2.4,3.1,2.9,0,0,lively|bright|spacious,"라모스 피즈는 크리미한 질감와 탄산의 가벼움이 전면에 서는 타입으로, 재료의 개성이 비교적 또렷하다. 입에 닿으면 라임의 산미가 먼저 열리고, 오렌지 리큐르가 가운데를 둥글게 묶어주고 마무리는 비교적 짧고 시원하게 정리된다. 전체 인상이 비교적 직관적이라 처음 마시는 사람도 접근하기 쉬운 편이다. 더운 날 첫 잔으로 분위기를 가볍게 열거나, 오래 대화하는 자리에서 특히 잘 맞는다. 크리미 계열답게 향보다도 텍스처와 달콤한 여운이 인상을 오래 끈다.",,,
41,라스트 워드,Last Word,비터/허벌,FALSE,2.6,2.9,1.4,1.9,2.9,0,0,0,relaxing|dark|modern,"라스트 워드는 허브 향와 체리 계열 단향이 전면에 서는 타입으로, 재료의 개성이 비교적 또렷하다. 입에 닿으면 라임의 산미가 먼저 열리고, 중간에서는 허브 향이 중심을 잡아주고 마무리는 무겁지 않게 떨어진다. 전체 인상이 비교적 직관적이라 처음 마시는 사람도 접근하기 쉬운 편이다. 시끄러운 자리보다는 조도를 낮춘 바에서 천천히 마실수록 매력이 살아난다. 아페리티보 계열처럼 단맛보다 허브·비터의 성격이 기억에 남는 스타일이다.",,,
42,마르티네스,Martinez,비터/허벌,FALSE,2.7,0,2.2,1.9,0,0,0.6,0,relaxing|dark|modern,"마르티네스는 허브 향와 체리 계열 단향을 앞세워 캐릭터를 만드는 스타일이다. 입에 닿으면 진 향이 먼저 열리고, 오렌지 리큐르가 가운데를 둥글게 묶어주고 마무리는 무겁지 않게 떨어진다. 전체 인상이 비교적 직관적이라 처음 마시는 사람도 접근하기 쉬운 편이다. 시끄러운 자리보다는 조도를 낮춘 바에서 천천히 마실수록 매력이 살아난다. 아페리티보 계열처럼 단맛보다 허브·비터의 성격이 기억에 남는 스타일이다.",,,
43,마티니,Dry Martini,비터/허벌,FALSE,0.7,0,0,1.2,0,0,0,0,social|modern|casual,"마티니는 허브 향이 중심을 잡는 스타일로 읽힌다. 입에 닿으면 진 향이 먼저 열리고, 중간에서는 허브 향이 중심을 잡아주고 마무리는 무겁지 않게 떨어진다. 전체 인상이 비교적 직관적이라 처음 마시는 사람도 접근하기 쉬운 편이다. 식전 한 잔이나 캐주얼한 모임에서 무난하게 꺼내기 좋은 스타일이다. 아페리티보 계열처럼 단맛보다 허브·비터의 성격이 기억에 남는 스타일이다.",,,
44,몽키 글랜드,Monkey Gland,비터/허벌,FALSE,3.5,1.6,2.2,1.8,2.4,0,0,0,cozy|bright|casual,"몽키 글랜드는 오렌지 리큐르의 향과 허브 향이 전면에 서는 타입으로, 재료의 개성이 비교적 또렷하다. 입에 닿으면 진 향이 먼저 열리고, 오렌지 리큐르가 가운데를 둥글게 묶어주고 마무리는 무겁지 않게 떨어진다. 전체 인상이 비교적 직관적이라 처음 마시는 사람도 접근하기 쉬운 편이다. 식전 한 잔이나 캐주얼한 모임에서 무난하게 꺼내기 좋은 스타일이다. 아페리티보 계열처럼 단맛보다 허브·비터의 성격이 기억에 남는 스타일이다.",,,
45,베스퍼,Vesper,클래식,FALSE,0.6,0,0,1.1,0,0,0,0,social|modern|casual,"베스퍼는 자극 하나로 밀기보다 여러 요소의 균형감이 중요한 스타일이다. 입에 닿으면 진 향이 먼저 열리고, 중간에서는 진가 뼈대를 잡아주고 마무리는 무겁지 않게 떨어진다. 전체 인상이 비교적 직관적이라 처음 마시는 사람도 접근하기 쉬운 편이다. 식전 한 잔이나 캐주얼한 모임에서 무난하게 꺼내기 좋은 스타일이다. 클래식 계열답게 과장된 한 요소보다 전체 구조와 밸런스가 평가의 핵심이 된다.",,,
46,브램블,Bramble,시트러스 사워,FALSE,2.9,3.1,0,1.7,3.1,0,0,0,social|cool|casual,"브램블은 레몬의 산미가 중심을 잡는 스타일로 읽힌다. 입에 닿으면 레몬의 산미가 먼저 열리고, 중간에서는 진가 뼈대를 잡아주고 마무리는 무겁지 않게 떨어진다. 전체 인상이 비교적 직관적이라 처음 마시는 사람도 접근하기 쉬운 편이다. 식전 한 잔이나 캐주얼한 모임에서 무난하게 꺼내기 좋은 스타일이다. 사워 계열답게 산미가 중심을 잡지만, 사용된 리큐르나 감미료에 따라 무게감이 달라진다.",,,
47,비스 니즈,Bees Knees,시트러스 사워,FALSE,2.9,3.3,0,1.4,3.6,0,0,0,social|cool|casual,"비스 니즈는 오렌지 리큐르의 향과 레몬의 산미을 앞세워 캐릭터를 만드는 스타일이다. 입에 닿으면 레몬의 산미가 먼저 열리고, 오렌지 리큐르가 가운데를 둥글게 묶어주고 마무리는 비교적 짧고 시원하게 정리된다. 전체 인상이 비교적 직관적이라 처음 마시는 사람도 접근하기 쉬운 편이다. 식전 한 잔이나 캐주얼한 모임에서 무난하게 꺼내기 좋은 스타일이다. 사워 계열답게 산미가 중심을 잡지만, 사용된 리큐르나 감미료에 따라 무게감이 달라진다.",,,
48,사우스사이드,South Side,시트러스 사워,FALSE,2.6,3.1,0,1.5,3.5,1,0,0,social|cool|casual,"사우스사이드는 레몬의 산미와 민트의 냉감을 앞세워 캐릭터를 만드는 스타일이다. 입에 닿으면 레몬의 산미가 먼저 열리고, 중간부터 질감이 한층 부드러워지고 마무리는 비교적 짧고 시원하게 정리된다. 전체 인상이 비교적 직관적이라 처음 마시는 사람도 접근하기 쉬운 편이다. 식전 한 잔이나 캐주얼한 모임에서 무난하게 꺼내기 좋은 스타일이다. 사워 계열답게 산미가 중심을 잡지만, 사용된 리큐르나 감미료에 따라 무게감이 달라진다.",,,
49,서퍼링 바스타드,Suffering Bastard,시트러스 사워,FALSE,1.4,2.9,2.3,1.7,3.3,0,1.3,0,lively|bright|spacious,"서퍼링 바스타드는 향신료의 따뜻한 느낌와 탄산의 가벼움을 앞세워 캐릭터를 만드는 스타일이다. 입에 닿으면 라임의 산미가 먼저 열리고, 중간에서는 비터한 결이 구조를 세워주고 마무리는 비교적 짧고 시원하게 정리된다. 전체 인상이 비교적 직관적이라 처음 마시는 사람도 접근하기 쉬운 편이다. 더운 날 첫 잔으로 분위기를 가볍게 열거나, 오래 대화하는 자리에서 특히 잘 맞는다. 사워 계열답게 산미가 중심을 잡지만, 사용된 리큐르나 감미료에 따라 무게감이 달라진다.",,,
50,싱가폴 슬링,Singapore Sling,시트러스 사워,FALSE,3.8,2.7,2.2,1.4,3.2,0,0.6,0,social|warm|spacious,"싱가폴 슬링은 파인애플의 과일감와 비터한 쌉쌀함을 앞세워 캐릭터를 만드는 스타일이다. 입에 닿으면 라임의 산미가 먼저 열리고, 오렌지 리큐르가 가운데를 둥글게 묶어주고 끝에는 쌉쌀한 여운이 분명하게 남는다. 전체 인상이 비교적 직관적이라 처음 마시는 사람도 접근하기 쉬운 편이다. 휴가 같은 무드를 만들고 싶거나, 음악이 있는 느슨한 모임에서 존재감이 좋다. 사워 계열답게 산미가 중심을 잡지만, 사용된 리큐르나 감미료에 따라 무게감이 달라진다.",,,
51,애비에이션,Aviation,시트러스 사워,FALSE,2.4,2.8,0,1.9,2.8,0,0,0,social|cool|casual,"애비에이션은 체리 계열 단향와 레몬의 산미가 전면에 서는 타입으로, 재료의 개성이 비교적 또렷하다. 입에 닿으면 레몬의 산미가 먼저 열리고, 중간에서는 진가 뼈대를 잡아주고 마무리는 무겁지 않게 떨어진다. 전체 인상이 비교적 직관적이라 처음 마시는 사람도 접근하기 쉬운 편이다. 식전 한 잔이나 캐주얼한 모임에서 무난하게 꺼내기 좋은 스타일이다. 사워 계열답게 산미가 중심을 잡지만, 사용된 리큐르나 감미료에 따라 무게감이 달라진다.",,,
52,엔젤 페이스,Angel Face,과일계,FALSE,2.2,0,0,2.2,0,0,0,0,social|modern|casual,"엔젤 페이스는 자극 하나로 밀기보다 여러 요소의 균형감이 중요한 스타일이다. 입에 닿으면 브랜디/코냑 향이 먼저 열리고, 중간에서는 브랜디/코냑가 뼈대를 잡아주고 마무리는 무겁지 않게 떨어진다. 전체 인상이 비교적 직관적이라 처음 마시는 사람도 접근하기 쉬운 편이다. 식전 한 잔이나 캐주얼한 모임에서 무난하게 꺼내기 좋은 스타일이다. 과일 중심 칵테일처럼 향이 직관적이고 접근성이 좋지만, 단맛의 질에 따라 표정이 달라진다.",,,
53,존 콜린스,John Collins,리프레싱 하이볼,FALSE,2.5,2.9,0,1.4,4,0,0,0,social|bright|spacious,"존 콜린스는 탄산의 가벼움과 레몬의 산미을 앞세워 캐릭터를 만드는 스타일이다. 입에 닿으면 레몬의 산미가 먼저 열리고, 중간에서는 진가 뼈대를 잡아주고 마무리는 비교적 짧고 시원하게 정리된다. 전체 인상이 비교적 직관적이라 처음 마시는 사람도 접근하기 쉬운 편이다. 더운 날 첫 잔으로 분위기를 가볍게 열거나, 오래 대화하는 자리에서 특히 잘 맞는다. 하이볼 계열처럼 길게 마셔도 피로감이 적고, 청량감이 전체 인상을 주도한다.",,,
54,진 바질 스매시,Gin Basil Smash,시트러스 사워,FALSE,2.8,2.9,0,1.6,3.2,0,0,0,social|cool|casual,"진 바질 스매시는 레몬의 산미가 중심을 잡는 스타일로 읽힌다. 입에 닿으면 레몬의 산미가 먼저 열리고, 중간에서는 진가 뼈대를 잡아주고 마무리는 무겁지 않게 떨어진다. 전체 인상이 비교적 직관적이라 처음 마시는 사람도 접근하기 쉬운 편이다. 식전 한 잔이나 캐주얼한 모임에서 무난하게 꺼내기 좋은 스타일이다. 사워 계열답게 산미가 중심을 잡지만, 사용된 리큐르나 감미료에 따라 무게감이 달라진다.",,,
55,진 피즈,Gin Fizz,리프레싱 하이볼,FALSE,2.4,2.9,0,1.3,4.1,0,0,0,social|bright|spacious,"진 피즈는 레몬의 산미와 탄산의 가벼움이 먼저 기억에 남는 리프레싱 하이볼 칵테일이다. 입에 닿으면 레몬의 산미가 먼저 열리고, 중간에서는 진가 뼈대를 잡아주고 마무리는 비교적 짧고 시원하게 정리된다. 전체 인상이 비교적 직관적이라 처음 마시는 사람도 접근하기 쉬운 편이다. 더운 날 첫 잔으로 분위기를 가볍게 열거나, 오래 대화하는 자리에서 특히 잘 맞는다. 하이볼 계열처럼 길게 마셔도 피로감이 적고, 청량감이 전체 인상을 주도한다.",,,
56,카르디날레,Cardinale,비터/허벌,FALSE,1,0,2.7,1.9,0,0,0,0,relaxing|dark|modern,"카르디날레는 허브 향와 비터한 쌉쌀함이 전면에 서는 타입으로, 재료의 개성이 비교적 또렷하다. 입에 닿으면 진 향이 먼저 열리고, 중간에서는 비터한 결이 구조를 세워주고 마무리는 무겁지 않게 떨어진다. 전체 인상이 비교적 직관적이라 처음 마시는 사람도 접근하기 쉬운 편이다. 시끄러운 자리보다는 조도를 낮춘 바에서 천천히 마실수록 매력이 살아난다. 아페리티보 계열처럼 단맛보다 허브·비터의 성격이 기억에 남는 스타일이다.",,,
57,카지노,Casino,시트러스 사워,FALSE,2.6,2.7,2.3,2.1,2.7,0,0.6,0,social|cool|casual,"카지노는 체리 계열 단향와 레몬의 산미가 전면에 서는 타입으로, 재료의 개성이 비교적 또렷하다. 입에 닿으면 레몬의 산미가 먼저 열리고, 오렌지 리큐르가 가운데를 둥글게 묶어주고 마무리는 무겁지 않게 떨어진다. 전체 인상이 비교적 직관적이라 처음 마시는 사람도 접근하기 쉬운 편이다. 식전 한 잔이나 캐주얼한 모임에서 무난하게 꺼내기 좋은 스타일이다. 사워 계열답게 산미가 중심을 잡지만, 사용된 리큐르나 감미료에 따라 무게감이 달라진다.",,,
58,콥스 리바이버 No.2,Corpse Reviver 2,비터/허벌,FALSE,2.3,3.1,1.6,1.7,3.1,0,0,0,social|cool|casual,"콥스 리바이버 No.2는 오렌지 리큐르의 향과 레몬의 산미을 앞세워 캐릭터를 만드는 스타일이다. 입에 닿으면 레몬의 산미가 먼저 열리고, 오렌지 리큐르가 가운데를 둥글게 묶어주고 마무리는 무겁지 않게 떨어진다. 전체 인상이 비교적 직관적이라 처음 마시는 사람도 접근하기 쉬운 편이다. 식전 한 잔이나 캐주얼한 모임에서 무난하게 꺼내기 좋은 스타일이다. 아페리티보 계열처럼 단맛보다 허브·비터의 성격이 기억에 남는 스타일이다.",,,
59,클로버 클럽,Clover Club,시트러스 사워,FALSE,2.9,3,0,1.7,3,1,0,0,social|cool|casual,"클로버 클럽은 크리미한 질감와 레몬의 산미을 앞세워 캐릭터를 만드는 스타일이다. 입에 닿으면 레몬의 산미가 먼저 열리고, 중간부터 질감이 한층 부드러워지고 피니시는 둥글고 부드럽게 남는다. 전체 인상이 비교적 직관적이라 처음 마시는 사람도 접근하기 쉬운 편이다. 식전 한 잔이나 캐주얼한 모임에서 무난하게 꺼내기 좋은 스타일이다. 사워 계열답게 산미가 중심을 잡지만, 사용된 리큐르나 감미료에 따라 무게감이 달라진다.",,,
60,파라다이스,Paradise,과일계,FALSE,2.7,1.6,0,1.6,2.5,0,0,0,social|modern|casual,"파라다이스는 오렌지 리큐르의 향이 비교적 선명한 인상을 남기는 칵테일이다. 입에 닿으면 진 향이 먼저 열리고, 오렌지 리큐르가 가운데를 둥글게 묶어주고 마무리는 무겁지 않게 떨어진다. 전체 인상이 비교적 직관적이라 처음 마시는 사람도 접근하기 쉬운 편이다. 식전 한 잔이나 캐주얼한 모임에서 무난하게 꺼내기 좋은 스타일이다. 과일 중심 칵테일처럼 향이 직관적이고 접근성이 좋지만, 단맛의 질에 따라 표정이 달라진다.",,,
61,프렌치 75,French 75,스파클링,FALSE,2.6,3,0,1.4,3.9,0,0,0,social|bright|spacious,"프렌치 75는 탄산의 가벼움과 레몬의 산미가 전면에 서는 타입으로, 재료의 개성이 비교적 또렷하다. 입에 닿으면 레몬의 산미가 먼저 열리고, 중간에서는 진가 뼈대를 잡아주고 마무리는 비교적 짧고 시원하게 정리된다. 전체 인상이 비교적 직관적이라 처음 마시는 사람도 접근하기 쉬운 편이다. 더운 날 첫 잔으로 분위기를 가볍게 열거나, 오래 대화하는 자리에서 특히 잘 맞는다. 스파클링 계열처럼 첫인상은 가볍고 빠르게 열리지만, 베이스에 따라 캐릭터 차이가 난다.",,,
62,행키팽키,Hanky Panky,비터/허벌,FALSE,2,0,2.2,1.8,0,0,0,0,relaxing|dark|modern,"행키팽키는 허브 향와 비터한 쌉쌀함이 먼저 기억에 남는 비터/허벌 칵테일이다. 입에 닿으면 진 향이 먼저 열리고, 중간에서는 비터한 결이 구조를 세워주고 마무리는 무겁지 않게 떨어진다. 전체 인상이 비교적 직관적이라 처음 마시는 사람도 접근하기 쉬운 편이다. 시끄러운 자리보다는 조도를 낮춘 바에서 천천히 마실수록 매력이 살아난다. 아페리티보 계열처럼 단맛보다 허브·비터의 성격이 기억에 남는 스타일이다.",,,
63,화이트 레이디,White Lady,시트러스 사워,FALSE,2.4,3,0,1.8,3,0,0,0,social|cool|casual,"화이트 레이디는 오렌지 리큐르의 향과 레몬의 산미가 전면에 서는 타입으로, 재료의 개성이 비교적 또렷하다. 입에 닿으면 레몬의 산미가 먼저 열리고, 오렌지 리큐르가 가운데를 둥글게 묶어주고 마무리는 무겁지 않게 떨어진다. 전체 인상이 비교적 직관적이라 처음 마시는 사람도 접근하기 쉬운 편이다. 식전 한 잔이나 캐주얼한 모임에서 무난하게 꺼내기 좋은 스타일이다. 사워 계열답게 산미가 중심을 잡지만, 사용된 리큐르나 감미료에 따라 무게감이 달라진다.",,,
64,러스티 네일,Rusty Nail,스피릿포워드,FALSE,2.7,0,2.7,2.5,0,0,0.9,0,romantic|dark|private,"러스티 네일은 자극 하나로 밀기보다 여러 요소의 균형감이 중요한 스타일이다. 입에 닿으면 위스키 향이 먼저 열리고, 중간에서는 위스키가 뼈대를 잡아주고 마무리는 무겁지 않게 떨어진다. 입문자도 시도할 수 있지만 산미·쓴맛·향신료 중 어느 한 축에서 취향이 갈릴 가능성이 있다. 한 잔을 빨리 비우기보다 천천히 향과 구조를 확인하는 시간에 더 적합하다. 스피릿포워드 스타일이라 믹서보다 베이스의 개성과 피니시가 더 중요하게 느껴진다.",,,
65,리멤버 더 메인,Remember The Maine,비터/허벌,FALSE,2,0,2.1,2.3,0,0,0.8,0,relaxing|dark|modern,"리멤버 더 메인은 첫 향부터 허브 향이 존재감을 만든다. 입에 닿으면 위스키 향이 먼저 열리고, 중간에서는 허브 향이 중심을 잡아주고 마무리는 무겁지 않게 떨어진다. 전체 인상이 비교적 직관적이라 처음 마시는 사람도 접근하기 쉬운 편이다. 시끄러운 자리보다는 조도를 낮춘 바에서 천천히 마실수록 매력이 살아난다. 아페리티보 계열처럼 단맛보다 허브·비터의 성격이 기억에 남는 스타일이다.",,,
66,맨해튼,Manhattan,비터/허벌,FALSE,1.8,0,2.2,2.2,0,0,0.9,0,relaxing|dark|modern,"맨해튼은 허브 향와 비터한 쌉쌀함이 먼저 기억에 남는 비터/허벌 칵테일이다. 입에 닿으면 위스키 향이 먼저 열리고, 중간에서는 비터한 결이 구조를 세워주고 마무리는 무겁지 않게 떨어진다. 입문자도 시도할 수 있지만 산미·쓴맛·향신료 중 어느 한 축에서 취향이 갈릴 가능성이 있다. 시끄러운 자리보다는 조도를 낮춘 바에서 천천히 마실수록 매력이 살아난다. 아페리티보 계열처럼 단맛보다 허브·비터의 성격이 기억에 남는 스타일이다.",,,
67,민트 줄렙,Mint Julep,클래식,FALSE,2.4,0,0,1.9,2.2,0,0.9,0,social|modern|casual,"민트 줄렙은 민트의 냉감이 비교적 선명한 인상을 남기는 칵테일이다. 입에 닿으면 민트의 냉감가 먼저 열리고, 중간에서는 위스키가 뼈대를 잡아주고 마무리는 무겁지 않게 떨어진다. 전체 인상이 비교적 직관적이라 처음 마시는 사람도 접근하기 쉬운 편이다. 식전 한 잔이나 캐주얼한 모임에서 무난하게 꺼내기 좋은 스타일이다. 클래식 계열답게 과장된 한 요소보다 전체 구조와 밸런스가 평가의 핵심이 된다.",,,
68,불바디에,Boulevardier,비터/허벌,FALSE,1.8,0,3.1,2.2,0,0,0.7,0,relaxing|dark|modern,"불바디에는 비터한 쌉쌀함과 허브 향이 전면에 서는 타입으로, 재료의 개성이 비교적 또렷하다. 입에 닿으면 위스키 향이 먼저 열리고, 중간에서는 비터한 결이 구조를 세워주고 끝에는 쌉쌀한 여운이 분명하게 남는다. 입문자도 시도할 수 있지만 산미·쓴맛·향신료 중 어느 한 축에서 취향이 갈릴 가능성이 있다. 시끄러운 자리보다는 조도를 낮춘 바에서 천천히 마실수록 매력이 살아난다. 아페리티보 계열처럼 단맛보다 허브·비터의 성격이 기억에 남는 스타일이다.",,,
69,사제락,Sazerac,비터/허벌,FALSE,3.3,0,3.1,2.5,0,0,0.6,0,social|modern|casual,"사제락은 허브 향와 비터한 쌉쌀함을 앞세워 캐릭터를 만드는 스타일이다. 입에 닿으면 브랜디/코냑 향이 먼저 열리고, 중간에서는 비터한 결이 구조를 세워주고 마무리는 무겁지 않게 떨어진다. 입문자도 시도할 수 있지만 산미·쓴맛·향신료 중 어느 한 축에서 취향이 갈릴 가능성이 있다. 식전 한 잔이나 캐주얼한 모임에서 무난하게 꺼내기 좋은 스타일이다. 아페리티보 계열처럼 단맛보다 허브·비터의 성격이 기억에 남는 스타일이다.",,,
70,아이리시 커피,Irish Coffee,크리미,FALSE,2.2,0,0.8,3,0,3.1,0.6,0,relaxing|dark|private,"아이리시 커피는 에스프레소의 로스티한 향와 크리미한 질감을 앞세워 캐릭터를 만드는 스타일이다. 입에 닿으면 에스프레소의 로스티함가 먼저 열리고, 중간부터 질감이 한층 부드러워지고 피니시는 둥글고 부드럽게 남는다. 전체 인상이 비교적 직관적이라 처음 마시는 사람도 접근하기 쉬운 편이다. 식후에 디저트 대신 한 잔 고르거나, 늦은 밤 텐션을 살리고 싶을 때 잘 어울린다. 크리미 계열답게 향보다도 텍스처와 달콤한 여운이 인상을 오래 끈다.",,,
71,올드 패션드,Old Fashioned,스피릿포워드,FALSE,3.1,0,2.3,2.5,0.5,0,1,0,romantic|dark|private,"올드 패션드는 비터한 쌉쌀함이 비교적 선명한 인상을 남기는 칵테일이다. 입에 닿으면 위스키 향이 먼저 열리고, 중간에서는 비터한 결이 구조를 세워주고 끝에는 쌉쌀한 여운이 분명하게 남는다. 입문자도 시도할 수 있지만 산미·쓴맛·향신료 중 어느 한 축에서 취향이 갈릴 가능성이 있다. 한 잔을 빨리 비우기보다 천천히 향과 구조를 확인하는 시간에 더 적합하다. 스피릿포워드 스타일이라 믹서보다 베이스의 개성과 피니시가 더 중요하게 느껴진다.",,,
72,위스키 사워,Whiskey Sour,시트러스 사워,FALSE,2.9,3.2,0,1.9,3.2,1,0.7,0,social|cool|casual,"위스키 사워는 레몬의 산미와 크리미한 질감이 먼저 기억에 남는 시트러스 사워 칵테일이다. 입에 닿으면 레몬의 산미가 먼저 열리고, 중간부터 질감이 한층 부드러워지고 피니시는 둥글고 부드럽게 남는다. 전체 인상이 비교적 직관적이라 처음 마시는 사람도 접근하기 쉬운 편이다. 식전 한 잔이나 캐주얼한 모임에서 무난하게 꺼내기 좋은 스타일이다. 사워 계열답게 산미가 중심을 잡지만, 사용된 리큐르나 감미료에 따라 무게감이 달라진다.",,,
73,티퍼러리,Tipperary,비터/허벌,FALSE,2,0,2.6,2.2,0,0,0.8,0,relaxing|dark|modern,"티퍼러리는 허브 향와 비터한 쌉쌀함을 앞세워 캐릭터를 만드는 스타일이다. 입에 닿으면 위스키 향이 먼저 열리고, 중간에서는 비터한 결이 구조를 세워주고 마무리는 무겁지 않게 떨어진다. 입문자도 시도할 수 있지만 산미·쓴맛·향신료 중 어느 한 축에서 취향이 갈릴 가능성이 있다. 시끄러운 자리보다는 조도를 낮춘 바에서 천천히 마실수록 매력이 살아난다. 아페리티보 계열처럼 단맛보다 허브·비터의 성격이 기억에 남는 스타일이다.",,,
74,페니실린,Penicillin,시트러스 사워,FALSE,2.8,2.9,0,2,2.9,0,0,0,social|cool|casual,"페니실린은 레몬의 산미와 꿀의 둥근 단맛이 먼저 기억에 남는 시트러스 사워 칵테일이다. 입에 닿으면 레몬의 산미가 먼저 열리고, 중간에서는 향신료가 온도를 올려주고 마무리는 무겁지 않게 떨어진다. 전체 인상이 비교적 직관적이라 처음 마시는 사람도 접근하기 쉬운 편이다. 식전 한 잔이나 캐주얼한 모임에서 무난하게 꺼내기 좋은 스타일이다. 사워 계열답게 산미가 중심을 잡지만, 사용된 리큐르나 감미료에 따라 무게감이 달라진다.",,,
75,페이퍼 플레인,Paper Plane,비터/허벌,FALSE,1.8,3,2.7,2,3,0,0.6,0,relaxing|dark|modern,"페이퍼 플레인은 비터한 쌉쌀함과 레몬의 산미가 먼저 기억에 남는 비터/허벌 칵테일이다. 입에 닿으면 레몬의 산미가 먼저 열리고, 중간에서는 비터한 결이 구조를 세워주고 끝에는 쌉쌀한 여운이 분명하게 남는다. 입문자도 시도할 수 있지만 산미·쓴맛·향신료 중 어느 한 축에서 취향이 갈릴 가능성이 있다. 시끄러운 자리보다는 조도를 낮춘 바에서 천천히 마실수록 매력이 살아난다. 아페리티보 계열처럼 단맛보다 허브·비터의 성격이 기억에 남는 스타일이다.",,,
76,브랜디 크러스타,Brandy Crusta,시트러스 사워,FALSE,3,2.7,2.2,2.1,2.7,0,0.6,0,social|cool|casual,"브랜디 크러스타는 레몬의 산미와 체리 계열 단향을 앞세워 캐릭터를 만드는 스타일이다. 입에 닿으면 레몬의 산미가 먼저 열리고, 오렌지 리큐르가 가운데를 둥글게 묶어주고 마무리는 무겁지 않게 떨어진다. 전체 인상이 비교적 직관적이라 처음 마시는 사람도 접근하기 쉬운 편이다. 식전 한 잔이나 캐주얼한 모임에서 무난하게 꺼내기 좋은 스타일이다. 사워 계열답게 산미가 중심을 잡지만, 사용된 리큐르나 감미료에 따라 무게감이 달라진다.",,,
77,사이드카,Sidecar,시트러스 사워,FALSE,2.2,3.1,0,2,3.1,0,0,0,social|cool|casual,"사이드카는 오렌지 리큐르의 향과 레몬의 산미가 먼저 기억에 남는 시트러스 사워 칵테일이다. 입에 닿으면 레몬의 산미가 먼저 열리고, 오렌지 리큐르가 가운데를 둥글게 묶어주고 마무리는 무겁지 않게 떨어진다. 전체 인상이 비교적 직관적이라 처음 마시는 사람도 접근하기 쉬운 편이다. 식전 한 잔이나 캐주얼한 모임에서 무난하게 꺼내기 좋은 스타일이다. 사워 계열답게 산미가 중심을 잡지만, 사용된 리큐르나 감미료에 따라 무게감이 달라진다.",,,
78,스팅어,Stinger,스피릿포워드,FALSE,2.2,0,0,2.5,0,0,0,0,romantic|dark|private,"스팅어는 특정 한 요소보다 전체 밸런스로 캐릭터를 만드는 칵테일이다. 입에 닿으면 브랜디/코냑 향이 먼저 열리고, 중간에서는 브랜디/코냑가 뼈대를 잡아주고 마무리는 무겁지 않게 떨어진다. 전체 인상이 비교적 직관적이라 처음 마시는 사람도 접근하기 쉬운 편이다. 한 잔을 빨리 비우기보다 천천히 향과 구조를 확인하는 시간에 더 적합하다. 스피릿포워드 스타일이라 믹서보다 베이스의 개성과 피니시가 더 중요하게 느껴진다.",,,
79,알렉산더,Alexander,크리미,FALSE,2.3,0,0,3.3,0,3.2,0,0,relaxing|dark|private,"알렉산더는 크리미한 질감이 중심을 잡는 스타일로 읽힌다. 입에 닿으면 브랜디/코냑 향이 먼저 열리고, 중간부터 질감이 한층 부드러워지고 피니시는 둥글고 부드럽게 남는다. 전체 인상이 비교적 직관적이라 처음 마시는 사람도 접근하기 쉬운 편이다. 디저트 같은 만족감이 필요할 때나 편하게 쉬는 시간에 잘 어울린다. 크리미 계열답게 향보다도 텍스처와 달콤한 여운이 인상을 오래 끈다.",,,
80,포르토 플립,Porto Flip,크리미,FALSE,0,0,0,2.5,0,2.2,0,0,social|modern|casual,"포르토 플립은 크리미한 질감이 비교적 선명한 인상을 남기는 칵테일이다. 입에 닿으면 브랜디/코냑 향이 먼저 열리고, 중간부터 질감이 한층 부드러워지고 마무리는 무겁지 않게 떨어진다. 전체 인상이 비교적 직관적이라 처음 마시는 사람도 접근하기 쉬운 편이다. 식전 한 잔이나 캐주얼한 모임에서 무난하게 꺼내기 좋은 스타일이다. 크리미 계열답게 향보다도 텍스처와 달콤한 여운이 인상을 오래 끈다.",,,
81,프렌치 커넥션,French Connection,스피릿포워드,FALSE,2.9,0,0,2.5,0,0,0,3.9,romantic|dark|private,"프렌치 커넥션은 너티한 여운이 중심을 잡는 스타일로 읽힌다. 입에 닿으면 브랜디/코냑 향이 먼저 열리고, 중간에서는 너티한 뉘앙스가 볼륨을 만들어주고 끝으로 갈수록 고소한 여운이 남는다. 전체 인상이 비교적 직관적이라 처음 마시는 사람도 접근하기 쉬운 편이다. 한 잔을 빨리 비우기보다 천천히 향과 구조를 확인하는 시간에 더 적합하다. 스피릿포워드 스타일이라 믹서보다 베이스의 개성과 피니시가 더 중요하게 느껴진다.",,,
82,피스코 사워,Pisco Sour,시트러스 사워,FALSE,2.7,3.1,0,1.7,3.1,1.2,0,0,social|cool|casual,"피스코 사워는 레몬의 산미와 크리미한 질감을 앞세워 캐릭터를 만드는 스타일이다. 입에 닿으면 레몬의 산미가 먼저 열리고, 중간부터 질감이 한층 부드러워지고 피니시는 둥글고 부드럽게 남는다. 전체 인상이 비교적 직관적이라 처음 마시는 사람도 접근하기 쉬운 편이다. 식전 한 잔이나 캐주얼한 모임에서 무난하게 꺼내기 좋은 스타일이다. 사워 계열답게 산미가 중심을 잡지만, 사용된 리큐르나 감미료에 따라 무게감이 달라진다.",,,
83,피스코 펀치,Pisco Punch,시트러스 사워,FALSE,2.9,2.6,0,1.4,2.9,0,1.8,0,social|warm|spacious,"피스코 펀치는 파인애플의 과일감와 향신료의 따뜻한 느낌이 전면에 서는 타입으로, 재료의 개성이 비교적 또렷하다. 입에 닿으면 레몬의 산미가 먼저 열리고, 중간에서는 향신료가 온도를 올려주고 마무리는 무겁지 않게 떨어진다. 전체 인상이 비교적 직관적이라 처음 마시는 사람도 접근하기 쉬운 편이다. 휴가 같은 무드를 만들고 싶거나, 음악이 있는 느슨한 모임에서 존재감이 좋다. 사워 계열답게 산미가 중심을 잡지만, 사용된 리큐르나 감미료에 따라 무게감이 달라진다.",,,
84,홀시스 넥,Horses Neck,리프레싱 하이볼,FALSE,2.2,0,2.1,1.3,4.3,0,2.2,0,social|bright|spacious,"홀시스 넥은 향신료의 따뜻한 느낌와 탄산의 가벼움이 먼저 기억에 남는 리프레싱 하이볼 칵테일이다. 입에 닿으면 탄산의 가벼움가 먼저 열리고, 중간에서는 비터한 결이 구조를 세워주고 마무리는 비교적 짧고 시원하게 정리된다. 입문자도 시도할 수 있지만 산미·쓴맛·향신료 중 어느 한 축에서 취향이 갈릴 가능성이 있다. 더운 날 첫 잔으로 분위기를 가볍게 열거나, 오래 대화하는 자리에서 특히 잘 맞는다. 하이볼 계열처럼 길게 마셔도 피로감이 적고, 청량감이 전체 인상을 주도한다.",,,
85,가리발디,Garibaldi,비터/허벌,FALSE,2.3,2.1,2.8,1.4,3.1,0,0,0,relaxing|dark|modern,"가리발디는 오렌지 리큐르의 향과 비터한 쌉쌀함이 먼저 기억에 남는 비터/허벌 칵테일이다. 입에 닿으면 베이스 스피릿의 향가 먼저 열리고, 오렌지 리큐르가 가운데를 둥글게 묶어주고 끝에는 쌉쌀한 여운이 분명하게 남는다. 전체 인상이 비교적 직관적이라 처음 마시는 사람도 접근하기 쉬운 편이다. 시끄러운 자리보다는 조도를 낮춘 바에서 천천히 마실수록 매력이 살아난다. 아페리티보 계열처럼 단맛보다 허브·비터의 성격이 기억에 남는 스타일이다.",,,
86,그래스호퍼,Grasshopper,크리미,FALSE,2.8,0,0,3.3,0,3.2,0,0,cozy|warm|private,"그래스호퍼는 크리미한 질감이 비교적 선명한 인상을 남기는 칵테일이다. 입에 닿으면 베이스 스피릿의 향가 먼저 열리고, 중간부터 질감이 한층 부드러워지고 피니시는 둥글고 부드럽게 남는다. 전체 인상이 비교적 직관적이라 처음 마시는 사람도 접근하기 쉬운 편이다. 식전 한 잔이나 캐주얼한 모임에서 무난하게 꺼내기 좋은 스타일이다. 크리미 계열답게 향보다도 텍스처와 달콤한 여운이 인상을 오래 끈다.",,,
87,샤르트뢰즈 스위즐,Chartreuse Swizzle,비터/허벌,FALSE,3,2.9,1.5,1.6,3.1,0,0.6,0.6,relaxing|dark|modern,"샤르트뢰즈 스위즐은 허브 향와 파인애플의 과일감을 앞세워 캐릭터를 만드는 스타일이다. 입에 닿으면 라임의 산미가 먼저 열리고, 중간에서는 허브 향이 중심을 잡아주고 마무리는 무겁지 않게 떨어진다. 전체 인상이 비교적 직관적이라 처음 마시는 사람도 접근하기 쉬운 편이다. 시끄러운 자리보다는 조도를 낮춘 바에서 천천히 마실수록 매력이 살아난다. 아페리티보 계열처럼 단맛보다 허브·비터의 성격이 기억에 남는 스타일이다.",,,
88,스프리츠,Spritz,스파클링,FALSE,1.5,0.8,2.3,1.5,4,0,0,0,social|bright|spacious,"스프리츠는 탄산의 가벼움과 비터한 쌉쌀함이 먼저 기억에 남는 스파클링 칵테일이다. 입에 닿으면 탄산의 가벼움가 먼저 열리고, 중간에서는 비터한 결이 구조를 세워주고 마무리는 비교적 짧고 시원하게 정리된다. 전체 인상이 비교적 직관적이라 처음 마시는 사람도 접근하기 쉬운 편이다. 더운 날 첫 잔으로 분위기를 가볍게 열거나, 오래 대화하는 자리에서 특히 잘 맞는다. 스파클링 계열처럼 첫인상은 가볍고 빠르게 열리지만, 베이스에 따라 캐릭터 차이가 난다.",,,
89,아메리카노,Americano,비터/허벌,FALSE,1.7,0,2.9,1.7,3.3,0,0,0,social|bright|spacious,"아메리카노는 비터한 쌉쌀함과 허브 향을 앞세워 캐릭터를 만드는 스타일이다. 입에 닿으면 탄산의 가벼움가 먼저 열리고, 중간에서는 비터한 결이 구조를 세워주고 마무리는 비교적 짧고 시원하게 정리된다. 전체 인상이 비교적 직관적이라 처음 마시는 사람도 접근하기 쉬운 편이다. 더운 날 첫 잔으로 분위기를 가볍게 열거나, 오래 대화하는 자리에서 특히 잘 맞는다. 아페리티보 계열처럼 단맛보다 허브·비터의 성격이 기억에 남는 스타일이다.",,,
90,트리니다드 사워,Trinidad Sour,시트러스 사워,FALSE,3.5,2.5,3.7,2.2,2.5,0,1,2.6,relaxing|dark|modern,"트리니다드 사워는 비터한 쌉쌀함과 너티한 여운을 앞세워 캐릭터를 만드는 스타일이다. 입에 닿으면 레몬의 산미가 먼저 열리고, 중간에서는 비터한 결이 구조를 세워주고 끝에는 쌉쌀한 여운이 분명하게 남는다. 입문자도 시도할 수 있지만 산미·쓴맛·향신료 중 어느 한 축에서 취향이 갈릴 가능성이 있다. 시끄러운 자리보다는 조도를 낮춘 바에서 천천히 마실수록 매력이 살아난다. 사워 계열답게 산미가 중심을 잡지만, 사용된 리큐르나 감미료에 따라 무게감이 달라진다.",,,
91,페르난디토,Fernandito,비터/허벌,FALSE,3.5,0,2.9,1.4,4.1,0,1,0,social|bright|spacious,"페르난디토는 비터한 쌉쌀함이 비교적 선명한 인상을 남기는 칵테일이다. 입에 닿으면 베이스 스피릿의 향가 먼저 열리고, 중간에서는 비터한 결이 구조를 세워주고 마무리는 비교적 짧고 시원하게 정리된다. 전체 인상이 비교적 직관적이라 처음 마시는 사람도 접근하기 쉬운 편이다. 더운 날 첫 잔으로 분위기를 가볍게 열거나, 오래 대화하는 자리에서 특히 잘 맞는다. 아페리티보 계열처럼 단맛보다 허브·비터의 성격이 기억에 남는 스타일이다.",,,
92,미모사,Mimosa,스파클링,FALSE,1.9,2.2,0,0,4.6,0,0,0,social|bright|spacious,"미모사는 오렌지 리큐르의 향과 탄산의 가벼움이 전면에 서는 타입으로, 재료의 개성이 비교적 또렷하다. 입에 닿으면 탄산의 가벼움가 먼저 열리고, 오렌지 리큐르가 가운데를 둥글게 묶어주고 마무리는 비교적 짧고 시원하게 정리된다. 전체 인상이 비교적 직관적이라 처음 마시는 사람도 접근하기 쉬운 편이다. 더운 날 첫 잔으로 분위기를 가볍게 열거나, 오래 대화하는 자리에서 특히 잘 맞는다. 스파클링 계열처럼 첫인상은 가볍고 빠르게 열리지만, 베이스에 따라 캐릭터 차이가 난다.",,,
93,벨리니,Bellini,스파클링,FALSE,1.7,0.9,0,0.8,3.6,0,0,0,social|bright|spacious,"벨리니는 탄산의 가벼움과 복숭아 향이 전면에 서는 타입으로, 재료의 개성이 비교적 또렷하다. 입에 닿으면 탄산의 가벼움가 먼저 열리고, 중간에서는 베이스 스피릿가 뼈대를 잡아주고 마무리는 비교적 짧고 시원하게 정리된다. 전체 인상이 비교적 직관적이라 처음 마시는 사람도 접근하기 쉬운 편이다. 더운 날 첫 잔으로 분위기를 가볍게 열거나, 오래 대화하는 자리에서 특히 잘 맞는다. 스파클링 계열처럼 첫인상은 가볍고 빠르게 열리지만, 베이스에 따라 캐릭터 차이가 난다.",,,
94,샴페인 칵테일,Champagne Cocktail,스파클링,FALSE,2.6,1,2.2,1.5,4,0,0.6,0,social|bright|spacious,"샴페인 칵테일은 탄산의 가벼움과 오렌지 리큐르의 향이 먼저 기억에 남는 스파클링 칵테일이다. 입에 닿으면 탄산의 가벼움가 먼저 열리고, 오렌지 리큐르가 가운데를 둥글게 묶어주고 마무리는 비교적 짧고 시원하게 정리된다. 전체 인상이 비교적 직관적이라 처음 마시는 사람도 접근하기 쉬운 편이다. 더운 날 첫 잔으로 분위기를 가볍게 열거나, 오래 대화하는 자리에서 특히 잘 맞는다. 스파클링 계열처럼 첫인상은 가볍고 빠르게 열리지만, 베이스에 따라 캐릭터 차이가 난다.",,,
95,셰리 코블러,Sherry Cobbler,스피릿포워드,FALSE,2.4,1.6,0,2.1,0.5,0,0,0,romantic|dark|private,"셰리 코블러는 오렌지 리큐르의 향과 레몬의 산미을 앞세워 캐릭터를 만드는 스타일이다. 입에 닿으면 레몬의 산미가 먼저 열리고, 오렌지 리큐르가 가운데를 둥글게 묶어주고 마무리는 무겁지 않게 떨어진다. 전체 인상이 비교적 직관적이라 처음 마시는 사람도 접근하기 쉬운 편이다. 한 잔을 빨리 비우기보다 천천히 향과 구조를 확인하는 시간에 더 적합하다. 스피릿포워드 스타일이라 믹서보다 베이스의 개성과 피니시가 더 중요하게 느껴진다.",,,
96,키르,Kir,과일계,FALSE,2,0,0,1.4,1.1,0,0,0,social|modern|casual,"키르는 특정 한 요소보다 전체 밸런스로 캐릭터를 만드는 칵테일이다. 입에 닿으면 베이스 스피릿의 향가 먼저 열리고, 중간에서는 베이스 스피릿가 뼈대를 잡아주고 마무리는 무겁지 않게 떨어진다. 전체 인상이 비교적 직관적이라 처음 마시는 사람도 접근하기 쉬운 편이다. 식전 한 잔이나 캐주얼한 모임에서 무난하게 꺼내기 좋은 스타일이다. 과일 중심 칵테일처럼 향이 직관적이고 접근성이 좋지만, 단맛의 질에 따라 표정이 달라진다.",,,
97,버진 모히토,Virgin Mojito,리프레싱 하이볼,TRUE,2.2,2.8,0,1,4,0,0,0,social|bright|casual,"버진 모히토는 모히토의 구조에서 럼을 덜어내고 라임, 민트, 당의 청량감을 전면에 둔 논알콜 칵테일이다. 입에 닿으면 라임의 산미와 민트 향이 먼저 열리고, 가운데에서는 가벼운 단맛이 산미를 둥글게 묶어주며 마무리는 탄산으로 산뜻하게 정리된다. 전체 인상이 직관적이고 시원해 더운 날이나 식전 한 잔으로 부담 없이 권하기 좋다.",,,
98,셜리 템플,Shirley Temple,스파클링,TRUE,3.6,1.4,0,1,2.4,0,0,0,bright|playful|casual,"셜리 템플은 진저에일과 그레나딘을 중심으로 만드는 대표적인 클래식 목테일이다. 입에 닿으면 붉은 과실 계열의 달콤함이 먼저 열리고, 이어서 탄산의 가벼운 질감이 전체를 경쾌하게 정리한다. 친숙하고 접근성이 높아 논알콜 칵테일 입문용이나 가족 모임, 브런치 자리에서 무난하게 추천하기 좋다.",,,
99,버진 피냐 콜라다,Virgin Piña Colada,크리미,TRUE,3.4,1,0,2.2,2,3.1,0,0.6,cozy|bright|casual,"버진 피냐 콜라다는 파인애플과 코코넛의 조합이 중심이 되는 트로피컬 논알콜 칵테일이다. 입에 닿으면 파인애플의 과실 향이 먼저 열리고, 가운데에서는 코코넛의 부드러운 질감이 볼륨을 더해주며 마무리는 달고 둥글게 떨어진다. 휴양지 무드가 분명한 스타일이라 디저트 대용이나 여름철 한 잔으로 잘 어울린다.",,,
100,노지토,Nojito,리프레싱 하이볼,TRUE,1.8,3,0,0.9,4,0,0,0,cool|modern|casual,"노지토는 모히토를 무알콜로 풀어낸 변형으로, 라임과 민트의 인상을 보다 가볍고 선명하게 보여주는 스타일이다. 입에 닿으면 산뜻한 라임과 허브 계열의 민트 향이 먼저 열리고, 뒤이어 탄산이 가볍게 마무리를 정리한다. 당도를 과하게 올리지 않는 방향으로 잡아 보다 드라이하고 깔끔한 논알콜 선택지로 쓰기 좋다.",,,
101,버진 메리,Virgin Mary,클래식,TRUE,0.8,2.4,0.4,1.2,2,0,2.3,0,savory|classic|brunch,"버진 메리는 블러디 메리의 구조에서 보드카를 제외한 세이보리 타입의 논알콜 칵테일이다. 입에 닿으면 토마토 주스의 감칠맛과 레몬의 산미가 먼저 열리고, 뒤이어 우스터소스와 향신료가 구조를 세워준다. 달콤한 스타일보다 짭짤하고 매콤한 풍미를 선호하는 경우, 브런치나 식사 전후에 특히 잘 맞는다.",,,